{
  "templates": [
    {
      "id": "greeting",
      "conds": [
        "هلا",
        "السلام",
        "مرحبا"
      ],
      "responses": [
        "هلا، شلونك؟",
        "أهلين، شخبارك؟",
        "مرحبتين"
      ]
    },
    {
      "id": "name",
      "conds": [
        "اسم",
        "شنو اسمك"
      ],
      "responses": [
        "أنا %NAME%، فرحان بلقائك.",
        "اسمي %NAME%."
      ]
    },
    {
      "id": "age",
      "conds": [
        "عمر",
        "كم عمرك"
      ],
      "responses": [
        "عمري %AGE% سنة.",
        "ما أحب أقول عمري."
      ]
    },
    {
      "id": "default",
      "conds": [],
      "responses": [
        "ممكن تحجيلي أكثر؟",
        "ما فهمت، كوللي شنو تقصد؟",
        "جرب سؤال ثاني."
      ]
    }
  ],
  "characters_sample": [
    {
      "id": "prov_1_c1",
      "name": "شخص_1_1",
      "age": 22,
      "image": "assets/image_1.webp"
    },
    {
      "id": "prov_1_c2",
      "name": "شخص_1_2",
      "age": 23,
      "image": "assets/image_10.jpeg"
    },
    {
      "id": "prov_1_c3",
      "name": "شخص_1_3",
      "age": 24,
      "image": "assets/image_10.webp"
    },
    {
      "id": "prov_1_c4",
      "name": "شخص_1_4",
      "age": 25,
      "image": "assets/image_11.jpeg"
    },
    {
      "id": "prov_1_c5",
      "name": "شخص_1_5",
      "age": 26,
      "image": "assets/image_11.webp"
    },
    {
      "id": "prov_2_c1",
      "name": "شخص_2_1",
      "age": 23,
      "image": "assets/image_10.jpeg"
    },
    {
      "id": "prov_2_c2",
      "name": "شخص_2_2",
      "age": 24,
      "image": "assets/image_11.jpeg"
    },
    {
      "id": "prov_2_c3",
      "name": "شخص_2_3",
      "age": 25,
      "image": "assets/image_12.jpeg"
    },
    {
      "id": "prov_2_c4",
      "name": "شخص_2_4",
      "age": 26,
      "image": "assets/image_13.jpeg"
    },
    {
      "id": "prov_2_c5",
      "name": "شخص_2_5",
      "age": 27,
      "image": "assets/image_14.jpeg"
    },
    {
      "id": "prov_3_c1",
      "name": "شخص_3_1",
      "age": 24,
      "image": "assets/image_10.webp"
    },
    {
      "id": "prov_3_c2",
      "name": "شخص_3_2",
      "age": 25,
      "image": "assets/image_12.jpeg"
    },
    {
      "id": "prov_3_c3",
      "name": "شخص_3_3",
      "age": 26,
      "image": "assets/image_13.webp"
    },
    {
      "id": "prov_3_c4",
      "name": "شخص_3_4",
      "age": 27,
      "image": "assets/image_15.jpeg"
    },
    {
      "id": "prov_3_c5",
      "name": "شخص_3_5",
      "age": 28,
      "image": "assets/image_16.webp"
    },
    {
      "id": "prov_4_c1",
      "name": "شخص_4_1",
      "age": 25,
      "image": "assets/image_11.jpeg"
    },
    {
      "id": "prov_4_c2",
      "name": "شخص_4_2",
      "age": 26,
      "image": "assets/image_13.jpeg"
    },
    {
      "id": "prov_4_c3",
      "name": "شخص_4_3",
      "age": 27,
      "image": "assets/image_15.jpeg"
    },
    {
      "id": "prov_4_c4",
      "name": "شخص_4_4",
      "age": 28,
      "image": "assets/image_17.jpeg"
    },
    {
      "id": "prov_4_c5",
      "name": "شخص_4_5",
      "age": 29,
      "image": "assets/image_19.jpeg"
    },
    {
      "id": "prov_5_c1",
      "name": "شخص_5_1",
      "age": 26,
      "image": "assets/image_11.webp"
    },
    {
      "id": "prov_5_c2",
      "name": "شخص_5_2",
      "age": 27,
      "image": "assets/image_14.jpeg"
    },
    {
      "id": "prov_5_c3",
      "name": "شخص_5_3",
      "age": 28,
      "image": "assets/image_16.webp"
    },
    {
      "id": "prov_5_c4",
      "name": "شخص_5_4",
      "age": 29,
      "image": "assets/image_19.jpeg"
    },
    {
      "id": "prov_5_c5",
      "name": "شخص_5_5",
      "age": 30,
      "image": "assets/image_20.webp"
    },
    {
      "id": "prov_6_c1",
      "name": "شخص_6_1",
      "age": 27,
      "image": "assets/image_12.jpeg"
    },
    {
      "id": "prov_6_c2",
      "name": "شخص_6_2",
      "age": 28,
      "image": "assets/image_15.jpeg"
    },
    {
      "id": "prov_6_c3",
      "name": "شخص_6_3",
      "age": 29,
      "image": "assets/image_18.jpeg"
    },
    {
      "id": "prov_6_c4",
      "name": "شخص_6_4",
      "age": 30,
      "image": "assets/image_20.jpeg"
    },
    {
      "id": "prov_6_c5",
      "name": "شخص_6_5",
      "age": 31,
      "image": "assets/image_23.jpeg"
    },
    {
      "id": "prov_7_c1",
      "name": "شخص_7_1",
      "age": 28,
      "image": "assets/image_12.webp"
    },
    {
      "id": "prov_7_c2",
      "name": "شخص_7_2",
      "age": 29,
      "image": "assets/image_16.jpeg"
    },
    {
      "id": "prov_7_c3",
      "name": "شخص_7_3",
      "age": 30,
      "image": "assets/image_19.webp"
    },
    {
      "id": "prov_7_c4",
      "name": "شخص_7_4",
      "age": 31,
      "image": "assets/image_22.jpeg"
    },
    {
      "id": "prov_7_c5",
      "name": "شخص_7_5",
      "age": 32,
      "image": "assets/image_25.webp"
    },
    {
      "id": "prov_8_c1",
      "name": "شخص_8_1",
      "age": 29,
      "image": "assets/image_13.jpeg"
    },
    {
      "id": "prov_8_c2",
      "name": "شخص_8_2",
      "age": 30,
      "image": "assets/image_17.jpeg"
    },
    {
      "id": "prov_8_c3",
      "name": "شخص_8_3",
      "age": 31,
      "image": "assets/image_20.jpeg"
    },
    {
      "id": "prov_8_c4",
      "name": "شخص_8_4",
      "age": 32,
      "image": "assets/image_24.jpeg"
    },
    {
      "id": "prov_8_c5",
      "name": "شخص_8_5",
      "age": 33,
      "image": "assets/image_28.jpeg"
    },
    {
      "id": "prov_9_c1",
      "name": "شخص_9_1",
      "age": 30,
      "image": "assets/image_13.webp"
    },
    {
      "id": "prov_9_c2",
      "name": "شخص_9_2",
      "age": 31,
      "image": "assets/image_18.jpeg"
    },
    {
      "id": "prov_9_c3",
      "name": "شخص_9_3",
      "age": 32,
      "image": "assets/image_21.webp"
    },
    {
      "id": "prov_9_c4",
      "name": "شخص_9_4",
      "age": 33,
      "image": "assets/image_26.jpeg"
    },
    {
      "id": "prov_9_c5",
      "name": "شخص_9_5",
      "age": 34,
      "image": "assets/image_3.webp"
    },
    {
      "id": "prov_10_c1",
      "name": "شخص_10_1",
      "age": 31,
      "image": "assets/image_14.jpeg"
    },
    {
      "id": "prov_10_c2",
      "name": "شخص_10_2",
      "age": 32,
      "image": "assets/image_19.jpeg"
    },
    {
      "id": "prov_10_c3",
      "name": "شخص_10_3",
      "age": 33,
      "image": "assets/image_23.jpeg"
    },
    {
      "id": "prov_10_c4",
      "name": "شخص_10_4",
      "age": 34,
      "image": "assets/image_28.jpeg"
    },
    {
      "id": "prov_10_c5",
      "name": "شخص_10_5",
      "age": 35,
      "image": "assets/image_32.jpeg"
    }
  ]
}